AcresBurned,Latitude,Longitude,Started,UniqueID,StationDistance,StationID,Total ETo (in),Total Precip (in),Avg Sol Rad (Ly/day),Avg Vap Pres (mBars),Avg Max Air Temp (F),Avg Min Air Temp (F),Avg Air Temp (F),Avg Max Rel Hum (%),Avg Min Rel Hum (%),Avg Rel Hum (%),Avg Dew Point (F),Avg Wind Speed (mph),Avg Soil Temp (F)
281893,34.41521,-119.09124,Dec 2017,d28bc34e-73a8-454d-9e55-dea7bdd40bee,6.319871044,198,3.52,0,266,6.6,76.9,44.2,59.5,71,21,42,32.3,4.7,57.9
281893,34.41521,-119.09124,Dec 2017,d28bc34e-73a8-454d-9e55-dea7bdd40bee,6.319871044,198,3.52,0,266,6.6,76.9,44.2,59.5,71,21,42,32.3,4.7,57.9
132127,36.45994,-121.89938,Jul 2016,977ac7ce-4204-4cd3-9f89-727142165261,5.713348748,210,5,0.01,581,14,65.5,50.6,57.1,100,74,88,53.6,3.6,68.3
97717,38.805437,-120.629714,Sep 2014,3df6ecf7-f095-483d-b1c4-2dc969d61261,8.025294931,13,6.01,1.05,462,9.3,82.1,59.7,70.6,54,28,40,41.8,5.4,64.1
96949,34.235,-118.70128,Nov 2018,92d7aeea-7abf-47a4-bf76-a4fe0fac65c6,4.155006127,219,3.26,0.87,298,7.4,76.1,51,62.4,66,23,42,31.4,3.1,65.2
96949,34.235,-118.70128,Nov 2018,92d7aeea-7abf-47a4-bf76-a4fe0fac65c6,4.155006127,219,3.26,0.87,298,7.4,76.1,51,62.4,66,23,42,31.4,3.1,65.2
56556,38.4041,-122.5209,Oct 2017,be79d28c-767d-4a0d-b168-e86a5842004f,7.820600362,77,3.88,0.01,329,8.8,82.2,42.3,60.7,85,24,51,39.9,3,59.5
56556,38.4041,-122.5209,Oct 2017,be79d28c-767d-4a0d-b168-e86a5842004f,7.820600362,77,3.88,0.01,329,8.8,82.2,42.3,60.7,85,24,51,39.9,3,59.5
48920,39.04786,-123.11971,Jul 2018,af30fe23-6cfd-4fd6-b2d9-91648eeae814,4.969596682,106,8.32,0.59,673,13.9,95.1,51.5,73.3,86,27,52,53.2,3.9,70.8
48920,39.04786,-123.11971,Jul 2018,af30fe23-6cfd-4fd6-b2d9-91648eeae814,4.969596682,106,8.32,0.59,673,13.9,95.1,51.5,73.3,86,27,52,53.2,3.9,70.8
48920,39.04786,-123.11971,Jul 2018,af30fe23-6cfd-4fd6-b2d9-91648eeae814,4.969596682,106,8.32,0.59,673,13.9,95.1,51.5,73.3,86,27,52,53.2,3.9,70.8
31359,34.16027778,-116.8927778,Jun 2015,17616590-ce26-4c73-bf81-70d338d027ce,5.640906617,199,6.22,0.36,637,6,74.7,39.8,59,65,19,36,30,3.4,59.9
23136,33.69888,-117.52055,Aug 2018,5b9e5ea7-1f63-46dd-aabd-8cf407c6f4ba,6.952092031,245,6.93,0.04,610,19.8,89.9,63,74.5,97,42,68,63.1,3.4,71.1
18430,34.55096,-119.9494,Jul 2017,dfd1e0d9-42b5-436a-aa83-ffcbbb7a6145,9.230084236,64,7.21,1.24,588,15.1,90.6,53.7,68.9,95,33,64,55.7,4.7,78.2
15619,34.31283,-118.35863,Dec 2017,a245b55b-3eb7-49dd-9a5e-909d53854055,4.253595348,216,3.79,0.32,338,4.3,74.7,47.5,60,41,15,26,21.9,3.6,58.6
12518,34.63445,-120.54421,Sep 2016,f6afb8c4-32dc-4e6d-8d30-e6b7ccd4a62f,3.378215255,231,nan,0,434,14.1,72.8,51.4,61.2,91,61,77,53.6,6,68.8
10343,36.12089,-120.37116,May 2017,65062933-27cf-48d7-8e4c-9a7ac78e65ff,3.864816423,205,8.21,0.09,582,9,83.9,56.2,70.8,58,21,36,41.2,6.5,69.8
9999,34.302212,-118.997115,Oct 2019,31852a71-e639-496f-9e7d-0968d1c218b3,5.724090413,152,5.02,0.06,434,10,78.4,48.9,64,83,29,53,42.5,4.4,61.6
9989,39.32198,-121.4021,Oct 2017,608ed849-d1ec-4b0d-a477-d1b8e9c7e6dd,7.649091924,84,3.99,0.52,354,9.2,78.5,52.8,64.9,61,30,44,41.4,3.8,64.1
8799,34.32988,-118.48161,Oct 2019,c52717d6-0297-4c5b-a0f1-f17abcd7ac27,6.656225937,215,6.47,0.04,448,6.4,82.7,58.1,69.4,51,14,28,29,7.1,63.3
8110,34.28771,-117.27338,Aug 2016,69c7b8cc-061e-4ca6-b5e8-83c6ae9d8a25,4.396910115,192,7.54,0,636,9.3,80.7,49,66.6,77,23,42,41.7,4.9,61.5
7194,34.22957,-118.2674,Sep 2017,c2bf9820-7e90-43c4-bd3d-1b26ef7ada51,8.169136417,216,5.32,0.07,477,14.7,86.3,59.2,71.7,79,37,56,53.7,3.4,79
6488,38.512,-122.104,Jul 2014,756d8f5b-bc05-4741-a5a3-3b20ca21906d,8.689100568,139,nan,0,615,13.6,94,59.6,77.1,77,23,43,52.7,3.4,76.5
6049,34.45283,-118.58188,Dec 2017,1e11fa40-e850-45d2-b65e-05aadc9f02f1,4.797905938,204,4.01,0,291,3.3,73,45.1,58.2,34,11,21,14.6,6.3,51.1
5738,36.07228,-120.26561,Apr 2017,0cacf259-1ba3-4e8c-a938-feaab2655c4b,9.680613789,205,5.53,0.3,436,8.1,74.2,46.2,60.9,73,26,45,38.2,6.4,61.4
5731,38.52513,-122.06788,Aug 2016,057fd4e2-7400-4fc4-9b23-3daf67fc8610,6.381397726,139,nan,0.02,574,12,92.7,54.6,73.3,81,20,43,49.2,2.8,72.8
4824,34.31,-118.335,Nov 2016,ca1227b3-1458-44c9-b32e-2994e309f940,4.969414644,216,3.14,0.98,311,7.2,79.2,51.2,63.3,66,12,32,16.7,3.2,63.1
4564,37.39339,-120.34207,Jun 2018,3de50f18-061e-40f4-8ee4-8a3d3ef25fb1,6.275798608,148,7.89,0,728,13.4,90.2,48.9,70.5,93,29,53,52.2,3.2,63.4
4531,34.22685,-118.93444,Nov 2018,bc95da49-28a0-4e56-88d9-72e7455063c0,4.035002538,152,3.04,0.86,295,10.1,73.9,48.1,60.8,83,35,58,41.4,3,57.5
4240,38.5691,-120.7819,Jul 2014,4d07ccc3-32be-4a1d-acac-18333884c97d,4.369493135,227,7.94,0,662,11.2,90.6,60.2,75.6,63,22,39,47.2,3.3,77
4240,38.5691,-120.7819,Jul 2014,4d07ccc3-32be-4a1d-acac-18333884c97d,4.369493135,227,7.94,0,662,11.2,90.6,60.2,75.6,63,22,39,47.2,3.3,77
3876,36.38123,-121.20059,May 2016,55fa95e6-f09e-42c4-889b-a4b5b63dccf2,6.685603444,114,6.1,0,573,12.8,73.4,50,59.7,92,50,73,50.9,7,64.5
3380,34.48229,-118.60858,Sep 2018,4fa2e1e0-a920-4991-beb6-3c080b6c1500,7.370108651,204,6.63,0,569,12.4,90.7,58.6,73.1,72,24,45,49.2,4.6,67.5
3166,34.288877,-116.941311,May 2013,a1b14be5-a8cf-4e40-8588-96becf4c5879,6.310176177,199,6.37,0.6,687,4.6,64.2,32.1,49.6,67,20,39,23.8,4.2,54.8
3126,34.5025,-119.785,Nov 2019,7555692b-f672-4660-8f15-d0dab068a193,5.566375024,107,2.19,1.83,253,10.9,71.3,48.7,58.5,87,45,66,45.8,2.3,60.6
2944,36.0749,-120.452041,Jul 2016,423df2bd-4464-44e0-8b8a-74f953613287,9.412719648,205,10.3,0,706,8.9,97.9,66.4,83.9,35,15,23,41.3,5.7,77.5
2446,35.3477,-120.6269,Aug 2015,fde8f46b-0225-4489-be2d-68453a524190,3.780767443,52,6.1,0,584,16.3,80.3,58.5,67.8,92,50,71,57.7,3.1,73
2269,38.49521,-122.0251,Jul 2017,a7509e35-3083-4306-bcce-ebf6d101b62a,3.240314644,139,nan,0,659,12,96,58.1,77.9,74,18,37,49.2,3.3,77.7
2162,38.431278,-122.043747,Aug 2018,2ce8de99-7e66-4de8-9426-48a4fc8500ac,6.600403632,139,nan,0.01,607,14,91.4,55.9,73.5,88,28,51,53.5,2.8,76.2
2070,37.40208,-118.50235,Feb 2018,3d866877-330a-4a14-b5bd-48675955af64,7.325742951,35,2.83,0.03,356,2.8,59.5,21.5,40.3,67,14,32,12.5,4,45.1
2056,32.65597,-116.80527,May 2017,c4d0a25f-02f6-4877-a944-8f5d50bf2335,9.443024676,147,5.48,1.65,559,14.2,73.1,56.2,63.7,90,55,71,53.7,4.3,67.9
1984,34.55048,-119.82429,May 2013,abc61995-8bea-4be1-aa49-ee378ab3baaa,9.841663053,107,5.7,1.16,571,13.7,73.2,52.6,62.6,94,51,71,52.9,3.5,69
1952,34.1703,-117.8816,Jan 2014,1fe0ea01-23e8-47a1-8fbd-ced6cf655e4d,7.376932337,159,2.48,0.22,207,7,74.8,47.2,59.3,64,24,42,33.7,3,56.9
1926,33.528469,-117.273157,Sep 2019,f68808fb-a705-4083-a136-1a45c61c7f74,4.233065102,62,4.67,0.03,380,15.2,86.7,62.2,72.3,87,35,58,55.5,2.8,71.8
1900,40.99344,-121.52225,Aug 2018,ce93c72c-eb9c-4176-a2b6-7750a4a6bb20,6.665664219,43,7.16,0,604,10.1,87.3,45.4,66.2,87,22,46,44.8,4.2,68.4
1806,34.282179,-118.803389,Oct 2019,00e6d6d5-f168-45fa-817a-f7758a5170b7,3.296463575,217,3.33,0.06,1411,8.7,81.4,53.1,66.2,72,22,42,37.8,4.6,65.6
1785,35.20993,-118.72272,Jul 2016,140def53-175c-4f5d-b8e3-de0643781ff7,3.854298563,125,9.78,0,695,12.6,98.3,65.7,83.7,57,19,32,50.6,4,82.2
1756,36.85156,-120.77206,May 2018,92c441f3-4729-4ba5-890f-fb7693725275,3.862992294,124,7.63,0,646,9.5,80,49.5,65.4,72,28,45,43.1,5.3,65.3
1660,38.14242,-122.47301,Oct 2017,fe6e94d7-7b47-4992-9a52-787e1fad8171,5.132750075,187,4.16,0.13,361,9.2,77.6,41.7,59.1,88,28,54,41.6,4.3,63.1
1548,33.003,-117.133,May 2014,9e5ee790-ee7e-4b40-b300-7a3046901162,8.113779507,150,6.25,0.02,632,13.5,76.9,55.7,66.8,86,49,64,50.9,4.2,74.1
1503,34.2976,-116.826,Jun 2017,b5dd68e2-ec95-47cd-a126-d5f6f0f2b49a,4.975008552,199,7.37,0.17,743,7.2,78,37.8,60.3,92,17,38,34.2,3.4,58.6
1350,34.00566,-117.30693,Apr 2017,c254df3f-a241-4983-a880-e12944a9f7b2,3.49180772,44,6.13,0.04,535,9.6,77.8,51.1,64.6,75,27,47,42.6,4.7,65.1
1350,39.28926,-121.85906,Jun 2019,23cee99c-662f-4409-80d0-b9eb3a6287b3,6.916158099,244,7.83,0,705,17.4,90.1,61.1,75.7,88,36,57,58.9,4.1,72.8
1261,33.62924,-117.05992,May 2018,693a86e6-8985-4e70-8ba8-869786ff538b,3.295686479,179,5.94,0.03,579,12.5,74.9,51,61.4,93,45,69,50.2,6.5,58.4
1109,34.36763,-118.57245,Jul 2016,79b446a4-d809-4aa2-9f30-091a05ed697d,5.267256585,215,8.01,0.03,703,14.3,94,59.7,75.7,91,25,50,54.4,3.1,74.7
1044,33.98212,-117.30819,Aug 2017,c57ff6c2-e5df-48c5-831c-1dbad73df5ef,2.313247803,44,6.4,0.39,523,19.8,93,65.7,77.5,93,35,61,62.1,4,78.1
867,39.1234,-121.32957,Aug 2017,f31a117a-572a-4956-9797-ad08e3933bb7,8.963568466,84,7.1,0,572,17.2,94.7,66.3,80.8,73,32,49,59,3.6,77.4
822,38.59694444,-121.9938889,Jul 2018,e51ff5f0-09d5-42f3-8bed-c1c6eb85d245,6.686876333,139,nan,0,674,14.7,97.3,61.2,79.2,76,25,44,54.7,3.6,78.1
760,34.37443,-118.49343,Jun 2017,c940ef85-44ce-4684-bce3-7cbbf180cefb,3.951749493,204,8.37,0.01,716,13.3,90.2,59.5,74.4,72,30,51,51.8,5.1,67.6
756,36.40193,-119.030621,Aug 2019,8faaa845-634f-4f94-b25e-f5ae78703da6,1.798886202,258,7.25,0,577,17.1,96.6,63.1,80,85,27,49,58.9,3.2,79.8
745,34.098191,-118.478717,Oct 2019,e693477a-37d2-4aba-9e73-a63421a2b3a6,3.719856701,99,4.57,0,448,10.9,78.2,57.4,67.1,77,30,55,47.4,3.4,64.8
712,34.49149,-118.610044,May 2013,39af7eac-c188-411f-8c8a-d165c5fca4a9,7.803829211,204,8.02,0.28,613,9.2,81.1,54,68,65,26,45,43.3,6.8,65
670,34.14575,-117.17813,Jun 2017,a3159a43-d38c-4655-9acf-371bc9a6213b,2.383781902,251,7.85,0.76,652,19.4,96.5,63.8,82,76,29,47,57,4.5,73.9
632,34.609,-120.454,May 2014,d08b0c4e-35d3-43fb-8af8-1756b1789172,5.969638545,231,5.9,0.07,564,11.3,69.4,46.5,57.7,87,53,71,47.6,7.2,62.7
605,40.00171,-122.25421,Oct 2019,828b2492-fc44-4fc0-97fa-f0b439e6fa0d,7.04579141,222,4.8,0.02,391,7.4,77.9,44.5,59.7,73,20,42,35.1,6.1,59.2
600,40.715556,-122.241944,Aug 2019,1bf3e829-5fb3-43d2-9179-6c337709df19,7.543264891,224,7.19,0.59,609,14.4,95.5,60.5,78.2,82,23,44,54.3,3.1,76
550,39.6708,-121.7192,Aug 2016,e5122d1e-2bfc-4fa6-8152-da309e02c004,8.433071159,12,6.46,0.03,620,18.1,89.4,57.4,72.5,95,40,66,60.5,2.2,75.6
520,33.4853,-117.043723,Sep 2019,c9327432-b3d3-4ea1-b810-d339dc9e25c3,4.658280576,237,6.32,0.03,533,14.4,89.4,60.8,73.7,78,31,53,53.8,4.9,70.8
518,35.2013,-118.7212,Aug 2016,2656ad63-b3e1-467f-9982-0229fd31c0f5,3.958536789,125,8.83,0,598,12.6,97.7,63.9,82,59,20,34,50.5,3.6,81.6
494,34.01778,-117.4625,Oct 2019,8f23653c-1a4c-4609-bfb3-72b1665eab69,9.39696017,44,5.11,0,467,7.8,82.9,52.8,67,61,17,35,35.2,4,64
492,37.96866,-121.91453,Jul 2013,522114fe-ada8-49a9-9bb2-5891103ff0ca,7.976911349,170,7.43,0,680,14,84.6,56.2,68.4,86,33,60,53.4,5.3,68.5
486,33.3906,-117.32348,May 2017,3d595f75-d59e-4453-b25c-48207b02f529,9.331735764,62,5.6,0.94,553,14.8,79.2,54.1,64.4,95,50,75,54.5,3.4,64.7
460,34.09773,-117.10567,Jul 2017,1348f32a-510f-4ad3-971f-b75b9cf9f0c0,5.60967634,251,8,2.46,609,16.5,96.8,66,80.7,75,26,47,57.9,4.4,77.5
450,36.616986,-120.369347,Jun 2017,a9d270c5-aacb-4dad-a34e-ab28a7192248,1.456792693,105,9.55,0,702,12.5,96.5,61,79.9,64,21,36,49.8,6.7,79.4
448,32.575556,-117.026667,Aug 2019,ca65fae0-e6d7-4600-890c-62da03753131,7.039596585,147,6.65,0.01,640,18.7,81.8,61.4,69.8,96,54,76,61.6,3.7,77.7
444,34.67403,-120.4393,Sep 2017,f839c34f-de3b-4e79-9b4f-e3502557d32b,5.090968727,231,nan,0,449,16.3,77.2,54.4,64.8,90,54,76,55.6,6,69.6
422,34.09454,-118.48178,Dec 2017,2aad53ef-d6c3-43dc-92e6-b2f9881ff161,3.482186394,99,2.95,0.01,288,6.3,72.1,49.9,61,63,21,38,30.6,3.4,55.2
416,36.22265,-119.06598,Jul 2017,0d93e84b-8460-4d5d-946c-630ade76747d,9.884024558,169,8.22,0,631,16.4,102.6,65.8,83.4,75,20,42,57.8,3.1,80.1
415,34.361007,-118.535793,Jun 2015,e61d1b0b-4f19-460a-a6ac-e83a6e0a05a9,4.681261603,204,7.31,0.01,572,12.3,87.7,59.2,73.1,73,29,50,50.5,5.1,68.8
400,36.6313,-121.4819,Mar 2014,cb580f06-5d43-46aa-8b2c-f2b5a21eff02,3.883076924,214,3.72,0.9,410,11.2,69.5,46.5,56.4,93,48,73,47.3,3.6,62.5
400,36.35502,-121.1563,Sep 2018,7fc0b9c8-dec7-430d-9790-1bbebae404eb,9.333639028,114,5.26,0,503,13.6,78.2,49.3,60.8,97,45,75,52.7,6.4,64.2
370,38.02929,-122.25544,Jul 2017,2adaf964-e996-4e55-a616-ac42375ee156,7.492170186,213,5.39,0.19,573,13.3,66.7,52.3,58.1,94,66,81,52.2,6.4,67.4
365,33.07892,-116.91845,Jul 2018,2b56b06d-46d6-43f2-b474-2598dd163e82,3.952983082,153,7.46,0.03,619,21.4,91.6,64.7,76.4,93,44,70,65.5,4.5,80.2
354,37.160346,-120.937494,May 2013,ca68f3c4-4906-4952-b794-4531d7da8369,6.296164931,92,nan,0,646,8.9,84.5,47.2,66.8,79,20,40,40.9,6,76
350,33.975405,-117.207068,Oct 2019,8739a46c-9d9b-464c-87d0-31738601d96f,8.9929535,44,5.11,0,467,7.8,82.9,52.8,67,61,17,35,35.2,4,64
347,39.59872,-121.78208,Jun 2018,a3ba8fc0-37f7-4c1a-9386-627d3369a03e,3.001229588,12,7.64,0,727,15.6,89.3,57.1,73,91,32,57,56.2,3,76.4
328,33.985972,-117.414111,Oct 2019,e59fa47f-0f47-49a9-a2c5-092cfaf68ed5,5.51631247,44,5.11,0,467,7.8,82.9,52.8,67,61,17,35,35.2,4,64
300,33.59257,-117.14979,Dec 2017,e1a8e4f1-ba7c-431a-a8c4-069fa3d3d36c,6.243778746,179,2.03,0,297,4.3,73.9,33.4,52.2,64,12,33,21.3,1.1,49.5
300,33.389425,-117.502405,May 2018,32708961-025a-4bf7-88c1-8cd91bbc3cce,7.666968171,241,4.86,0.71,501,11.3,67.8,52.1,59.7,74,52,65,47.7,4.4,66.7
300,39.622137,-121.693472,Sep 2019,b8e5a940-0fb5-4c63-93ab-a855cfdc4e0c,9.083973499,12,4.78,0.39,476,14.7,84.9,53.8,68.2,93,35,63,54.6,2.8,72.2
278,36.88286,-119.654,May 2016,09ab0430-7679-494c-96d4-d7d938351cf4,7.446249324,80,7.56,0.69,650,11.8,82.3,55.1,69.3,84,28,49,48.8,5.6,69.2
268,37.94714,-121.9921,Jun 2018,53770321-4d20-4db9-bfad-754f9eeabc2b,5.093732273,170,7.66,0.04,730,13.3,83.9,54.8,68.1,86,34,57,52,4.8,66.3
268,34.149,-117.908,Sep 2013,eb5a3f2a-0c25-417a-af78-bb0d643247c7,5.371261726,159,4.8,0.01,396,14.9,88.8,61.1,73.4,76,33,53,54.2,3.5,73
260,35.33916,-120.71488,Jun 2018,91b94b02-cd05-471a-a4e7-5168d56c46ba,1.473763441,160,6.24,0,682,12.7,71.4,49.2,58.7,96,54,76,50.9,4.9,68.3
257,36.18479,-118.99229,Jun 2019,11e0324e-e8ff-4591-b592-9e704ade60d6,9.946907431,169,8.46,0,729,14.3,95.7,60.2,77.8,81,21,44,53.8,3.7,83.5
250,33.076239,-116.902985,Aug 2018,8dddf572-84de-4b20-b740-f5c7847cec3b,5.028304613,153,7.1,0,597,21.2,90,63.7,75.7,93,47,70,64.9,4.2,81.7
250,33.9369,-117.3063,Sep 2019,a14c1f49-8e49-4709-a21b-6c06471a1002,2.867957558,44,5.76,0.01,513,14.4,87.6,62,73.8,76,31,52,54,3.9,74.4
240,37.708743,-121.841879,Aug 2019,4affde91-31a9-4588-bf14-7201fc5c548b,4.290623886,191,7.25,0.04,644,14.7,88.1,56.4,71.4,93,33,57,54.6,3.8,74.8
237,36.24653,-120.31598,Sep 2017,a8567989-a0c5-4c31-9012-82f99d76129f,5.756299891,205,6.65,0,463,10.1,89,62,76.3,50,21,32,43.6,5.7,76.3
231,37.87808,-121.78677,Jul 2017,248bba19-4fdf-4285-a210-1334454ad80a,9.413842886,47,8.68,0.22,664,14.3,94.6,57.2,75.9,85,26,48,54,5,76.7
225,39.005262,-123.195306,Aug 2019,c8f94c30-d0ee-450a-8501-30678aa37c0f,7.481312212,106,7.06,0.01,608,15.6,92.8,54,72.4,89,34,59,56.6,3.9,71.5
225,35.34541,-120.76464,May 2017,048c085b-3162-4906-beef-7aa2ba1b868d,2.104375345,160,5.16,0.37,569,12.2,66.8,46.4,56,96,60,80,49.6,4.8,65.1
215,34.75134,-120.55297,Sep 2016,686e1300-65d3-4e07-8a88-e5952418649b,6.114375744,231,nan,0,434,14.1,72.8,51.4,61.2,91,61,77,53.6,6,68.8
214,33.7626,-117.7274,Jul 2015,ca7da36b-1951-4d52-92b2-1a0b04aab586,5.134319117,75,5.69,0.33,532,18.9,81.5,63.2,71.1,92,53,72,61.8,3.8,73.6
210,37.312877,-120.242411,Jun 2019,cc06431a-5153-4f66-8ada-07af53c175c3,9.956321799,148,7.69,0,696,14.5,92,53,73.1,92,27,51,53.7,3,69.6
207,33.41476,-117.24044,Jul 2018,e3406861-3e7f-4a4b-b16d-6004f3edc5e6,5.030985375,62,6.82,0.02,538,17.6,92.6,63.6,75.4,88,34,61,60,3,73.9
207,39.28926,-121.85906,Jun 2019,48d3b3c4-fcf5-47d9-920f-3b3c1b0f6fb1,6.916158099,244,7.83,0,705,17.4,90.1,61.1,75.7,88,36,57,58.9,4.1,72.8
200,37.72543,-121.90516,Aug 2017,89b5d4db-ce4e-43b9-8618-f89088d35ee1,4.462476738,191,6.46,0.42,554,14,89,57.1,70.9,87,30,56,53.5,3.7,74.7
200,34.23955,-119.20187,Oct 2019,02e6023e-d306-4a67-a09c-b9224b98661e,8.902657456,198,5.25,0,441,8.6,81.6,49.2,64.9,72,23,48,40.7,4.7,65.1
200,37.99136,-121.64118,Oct 2019,d299dec7-b09f-47f7-80c9-859ddd1ecef3,4.541594888,47,5.39,0,413,6.9,81.3,47.6,63.6,58,19,34,33.7,6,62.7
200,34.183,-117.285,Oct 2019,dfc32e06-b88e-4d30-ae3d-22bc18792f5e,6.827442773,192,3.92,0.06,459,5.3,64.9,30.2,47.2,86,22,46,27,3.1,48.2
200,34.630919,-120.187368,Sep 2019,4cebaf5a-70a7-4262-864b-fb3fe3b1d84d,8.156639109,64,5.62,0.06,521,13.7,88.1,51.4,67.1,92,32,62,52.8,3.8,80.9
195,37.81629,-121.68113,Jul 2015,652938d9-2f23-41d8-a49c-30b218594762,7.863441113,47,8.45,0.95,641,12.3,89.4,58.7,75.1,91,32,50,54.7,5.6,75
190,34.9465,-119.8036,May 2017,06b43461-94d0-4379-a1d6-fd26ba93ceea,8.96039872,88,7.53,0.48,676,7.8,80.6,45.7,62.9,69,21,41,37.8,5.3,73.6
190,38.382,-122.311,Nov 2013,79d476e5-0b4d-48e2-a105-2bba5c1140e9,7.559374263,77,2.35,1.12,239,8.2,69.7,39.4,53.2,86,37,61,38.3,3.2,53.8
186,36.704679,-120.405077,Jun 2017,a8e4aa40-5e2a-4fd8-a858-d673576cda73,5.132467074,105,9.55,0,702,12.5,96.5,61,79.9,64,21,36,49.8,6.7,79.4
186,34.26734825,-118.6438159,Nov 2018,c3b66e33-ef00-4874-a29b-b36640c16122,3.668027074,219,3.26,0.87,298,7.4,76.1,51,62.4,66,23,42,31.4,3.1,65.2
184,35.3091,-118.701,Oct 2017,733028fc-bf0a-4737-878b-78a29c9ee2ee,8.91892126,125,4.78,0,383,8.7,81.7,50.2,66,67,25,41,40.1,3.8,72.2
183,35.19008,-118.76152,Oct 2017,ec27a3bd-959b-48f3-872e-2c87047dbae2,1.581914515,125,4.78,0,383,8.7,81.7,50.2,66,67,25,41,40.1,3.8,72.2
175,33.55132,-117.72044,Jun 2018,105b65f3-7e99-4cd6-8b0a-f78004c041eb,9.462107768,75,6.28,0,653,15.8,78.4,58.6,67.2,89,51,69,56.8,3.7,71
175,37.97638,-122.5275,Jun 2018,d6d4d085-1c3b-4ee5-bd2a-dd3779797e97,4.334407299,157,6.83,0,733,13,73.8,49.6,61.3,92,52,70,51.4,4.6,69.7
170,40.12791,-122.19792,Jun 2018,75ad696c-b094-4919-89e3-f879361f5151,7.433276944,222,9.01,0.13,736,14,89.7,59.5,75.6,81,27,47,53,6,71.1
170,34.611824,-120.074655,May 2013,cb5f34a0-177e-445d-9349-dd94063a01d0,2.004048697,64,6.68,0.06,607,11.3,78.5,45,60.1,93,38,64,47.7,5.3,71.8
163,38.63987,-121.08438,Jul 2013,4630e9ce-88ec-4159-9bc9-25ff5f8216cc,9.305910293,131,8.02,0,650,14.3,95,61.5,77.5,73,24,45,53.8,4,83.9
163,38.63987,-121.08438,Jul 2013,4630e9ce-88ec-4159-9bc9-25ff5f8216cc,9.305910293,131,8.02,0,650,14.3,95,61.5,77.5,73,24,45,53.8,4,83.9
160,38.45673,-121.94658,Oct 2018,e9c8c0aa-4d21-4f09-9858-890ea163d580,3.781518094,139,nan,0.06,372,10.1,80.5,49.9,64.5,79,28,49,43.2,1.5,64.9
159,38.34599,-122.6503,Oct 2013,1460f2d9-853b-4901-bed3-ac196e00bb3a,5.101173314,158,3.48,0,353,8.6,77.9,38,55.5,92,30,60,40.4,2.4,58.1
158,38.17693,-122.51253,Jul 2013,c9b5d1ff-c042-4b39-8bac-b10fb6fc6c13,6.013805394,187,6.92,0,630,14.3,81.1,51.2,64,93,44,70,54,5.4,70.3
158,39.2688,-121.26471,Jun 2015,b5fa450f-9b84-4d90-9956-bda9dfe32f28,3.690453064,84,7.91,0,658,14.6,91.9,60.8,78.2,69,28,45,54.1,3.9,74.6
158,36.84479,-119.34487,Sep 2016,63643257-f082-4928-bf0e-77a0417a4613,9.063335158,142,6.18,0,475,10,91.1,56.4,74.6,70,17,34,44.2,4.1,74.5
156,33.997528,-117.769766,Jul 2019,d79e71f2-d827-465d-95a8-d80b6e54456e,5.053249348,78,7.45,0.01,671,17.8,87.9,62,73.7,89,41,63,60.2,4.1,73.5
156,34.276,-118.354,May 2016,ace1f464-7a70-4dcc-b8c5-d64fb1021d0e,2.413876735,216,5.32,0.51,538,14.6,75.5,54,63.6,93,52,73,54.6,3.8,69.5
155,33.787838,-117.746625,Jun 2018,96781eb8-6146-4b96-a5cb-7457defea461,7.078950265,75,6.28,0,653,15.8,78.4,58.6,67.2,89,51,69,56.8,3.7,71
155,36.28001,-119.10974,Jun 2019,812a492e-35cb-4bb0-9e5a-1ec181d8b97e,8.320613979,258,8.19,0,695,14.4,94.4,60.4,78.4,79,24,43,53.9,3.5,79.3
153,33.98639,-117.21314,Jun 2017,54bad310-3a96-4019-b64d-61d00c559e6c,8.672167026,44,6.98,0,613,16,88.8,60.5,73.5,88,34,59,56.9,4.3,74.5
150,33.6542,-117.5221,Aug 2016,d045584a-8838-4d64-91dc-3ebfbcd8e708,4.903301269,245,6.91,0.28,633,18.1,87.7,60.1,71.8,94,43,70,61.2,3.3,70.4
150,38.4113,-122.0789,Jul 2015,28b81794-bb66-466e-b9dc-337c47be5678,9.300058119,139,nan,0,597,13,92.2,60.9,76.7,72,25,42,51.3,3.7,74.5
150,36.90967,-119.79315,May 2017,9a555129-982b-486f-a333-c96b3f9c4d2e,7.062553023,80,7.32,0.11,624,11.4,82.1,55.3,69.3,79,27,47,47.6,5.6,64.6
150,34.30166667,-119.0991667,Nov 2018,c003df4f-d19c-4e21-a90f-81d3f14aaf99,1.633376976,198,3.39,0.11,309,9.2,76.4,45.5,60.5,80,30,54,39.1,4.2,61.3
150,38.03545,-122.2241,Oct 2019,64104ca2-a187-4b11-bb43-e22253bbcb52,8.99058533,213,4.13,0.03,385,8.6,72.5,49.6,60.3,76,32,53,40.1,3.9,64.5
149,34.419284,-118.58688,May 2013,794412f2-1ba2-4217-ac38-49272a96fb6f,4.806568888,204,8.02,0.28,613,9.2,81.1,54,68,65,26,45,43.3,6.8,65
146,39.02482,-123.1362,Sep 2017,efa1dc61-85e3-4fb6-b6f6-04c3845d9ca6,4.356091659,106,2.46,0.15,1,13,78.4,52.1,64.8,88,32,61,51,3.5,66.5
145,34.183624,-117.274276,Oct 2019,956f8cd5-f4fb-43d7-8a34-1bb5db551995,6.316852442,192,3.92,0.06,459,5.3,64.9,30.2,47.2,86,22,46,27,3.1,48.2
143,40.6569,-122.2215,Jul 2014,dcbc7afb-cdef-49a3-822e-20bbaa86a5d0,6.382354539,224,8.61,0,627,11.6,101.2,62.3,82.2,66,14,34,50.1,3.8,80.9
140,38.559707,-120.70013,Jul 2017,2fd950a8-fadb-467c-ab59-88e7ea007738,7.73214381,227,8.48,0.06,668,10.6,94,59.8,77.6,61,16,33,45.8,3.4,75.1
139,33.476894,-117.140883,Jun 2016,403e6185-c0e1-4b8f-a290-b50553a47b67,6.067163096,62,6.86,0.02,616,15.4,89.5,60.5,72.7,86,33,63,57,3.4,70.1
136,38.5758,-120.915,Sep 2017,f7a51800-b219-428c-aef0-ee5fa5de4d64,9.21641513,227,4.21,0.01,373,10.8,82.6,54.3,68.4,71,29,46,44.6,3.3,70.4
134,39.69717,-121.75417,Jun 2017,a2d42b3a-32a4-4b57-a8c2-91e5d046bbb6,7.798589147,12,7.25,0.6,685,18,88.9,61.1,74.6,89,39,60,58.6,3,76.7
132,36.78769,-119.38248,May 2016,f1769b9d-c522-4a0d-92a7-f9c8321b9f1d,4.618051467,142,7.28,0.37,598,11.8,84.6,53.6,70.4,91,26,47,48.3,4.7,72
130,33.650237,-116.172534,May 2019,e98603d2-f44e-4a9e-b83d-5e9f94766b53,3.892841939,218,9.2,0.02,670,10.4,86.3,59.5,74,58,22,36,45.3,8.1,67.2
128,34.38039,-118.60441,Jul 2018,6e0b516c-9da1-4ff7-a0ce-3251b2cbabb9,6.586808949,215,8.06,0,683,15,95.5,64.4,78.8,76,28,49,56.8,3.3,73.1
125,34.15475,-117.244366,Aug 2018,0683b4a7-6a8c-4339-abc1-dfbe64dcb5a1,5.006981955,251,7.19,0,547,16.8,94.4,66,79.7,76,27,49,58.2,4,75.7
124,38.08744,-122.13802,Jun 2013,2b403f03-fe84-450a-90b7-befb8acc7e70,9.525125543,170,7.03,0,650,13.1,81.8,55.6,67.7,84,38,57,51.3,4.8,67.6
122,34.009026,-117.239099,Aug 2017,58d62aeb-29f5-45f5-93ac-a657b0708149,7.407171441,44,6.4,0.39,523,19.8,93,65.7,77.5,93,35,61,62.1,4,78.1
121,36.66909,-119.3046,May 2019,72cb3684-c194-4180-bdfe-22775f86a594,6.841689059,142,5.88,3.3,515,10.3,77.7,51.5,64.9,83,29,50,44.9,4.3,66.7
120,33.39684,-117.29665,Jun 2019,779c4b9a-19bf-487f-ba65-6589aea27420,7.788648512,62,4.86,0.07,495,15.8,81.1,56.7,65.7,96,49,76,56.9,2.7,69.9
116,38.682378,-120.839075,Aug 2013,db009f8f-8b9d-44bb-a3f6-83f319c84d72,4.502976114,228,7.83,0,640,9.8,86.8,62.4,74.5,55,21,35,43.9,3.8,73.2
116,37.06367,-121.53586,Jul 2018,8d5856ff-4cd4-4b88-afb0-c6df08f548a8,3.357423393,211,7.81,0,628,15.2,88.2,55.8,69.5,94,36,65,56.4,5.9,69.6
116,37.7393,-121.85663,Oct 2017,e8c7f247-bc31-4e5b-bf71-fe903366d9e5,5.554958364,191,3.91,0.55,350,9,80.7,44.9,61.2,87,23,49,41.2,2.8,61.9
113,37.399,-118.352,Apr 2014,1faad916-32b9-4cd0-94b8-dacfe71fa9f8,4.631014096,35,6.47,0.14,630,3.9,73,35.6,56.7,62,12,25,20.4,4.5,60.3
113,34.463889,-119.831389,Jul 2018,76725105-a814-4e8d-bd5b-d0f2f1879dae,6.737429471,107,6,0.19,615,19.3,79.9,62,69.4,95,59,81,62.7,2.2,77.4
108,36.772425,-119.628389,Jun 2013,a2cfda2a-21c1-4e45-90b5-37d931b4a926,8.54077549,80,8.1,0,686,13.5,90.6,62.5,77.7,71,24,41,51.9,4.6,73.9
108,36.75581,-119.42172,May 2018,737f9bb2-5a43-4730-94c1-4031bce6d626,3.290801361,142,7.6,0,635,10.2,83.3,52.8,69.2,76,24,42,45,4.6,64.6
106,38.8802,-123.0496,Aug 2018,9d63cbd8-7dbf-4b2d-918d-036e3a282d2d,7.576304178,106,6.86,nan,581,nan,89.9,49.9,68.7,88,32,nan,nan,nan,69.4
106,36.8266,-119.3415,Jan 2014,d529636e-33d0-484b-9c6f-093ba33736b7,7.985222521,142,2.17,0.5,224,5.8,66.5,33.5,48.7,76,29,50,30.1,3.1,45.1
105,35.3024,-120.65279,Sep 2017,cb3599f6-751d-4072-8db1-6e366ac603c9,0.6548600358,52,4.73,0.2,442,15,81.7,57.9,68,87,44,67,54.5,3.3,70.8
100,33.0971179,-117.0242529,Aug 2018,791a3a00-2c51-4679-b4b7-27cc77ec699d,3.528836684,153,7.1,0,597,21.2,90,63.7,75.7,93,47,70,64.9,4.2,81.7
100,34.19076,-117.26969,Jul 2017,32a79e9b-8ce3-477e-b698-2eb16ef66aac,5.734101609,192,7.61,0,665,11.8,82.6,51.7,68.6,81,28,49,48.3,4.5,65.9
100,32.564465,-116.900368,May 2013,e077e091-f890-477c-b948-eb23774b432e,5.153017657,147,6.03,0,591,14.8,73.8,56.2,63.7,96,56,75,54.9,4.6,67.2
100,38.43658,-121.97233,Oct 2017,03d74bbd-627c-47af-a2e9-5351e6e16f6a,4.483239456,139,nan,0.06,354,7.4,79.2,45.7,61.4,72,19,41,35.5,3.7,63.1
100,38.46123,-122.58152,Oct 2017,3f481060-1106-4857-8ac3-374a68763922,6.057212733,158,3.3,0.62,312,9.3,81.2,43.8,59.3,87,26,55,41.8,2.4,58.7
100,36.99092,-121.59899,Sep 2017,7b02d757-4f96-4616-99d5-04e4eaa34440,4.586762602,211,4.82,0,420,13.9,85.6,53.3,67.6,88,36,62,51.5,4.5,69.3
98,38.9252,-122.966,Sep 2013,b20a2031-12c9-4e9c-9f44-ac82c26e6c66,9.382614205,106,5.21,0,499,12.3,82.5,47,64.1,87,36,61,49.7,4.1,67.8
98,33.900994,-117.170588,Sep 2019,7b283f4f-c613-4840-aa90-1f6e9fa1573a,9.938006016,240,5.66,0,467,12,85.9,55.9,70.7,76,27,48,48.7,4.8,71.1
96,33.8128372,-117.1228851,Jul 2019,777caabb-3850-4db2-ba02-2d95fda38db6,6.45010786,240,8.33,0,633,12.7,91.8,57.1,74.1,80,22,45,50.8,5.2,75.4
95,35.004722,-120.435278,Jul 2019,63b69be6-bd39-4bb4-aee1-7b59dbf7c360,6.617143351,232,nan,0.01,615,14.7,74.7,54.3,61.7,95,57,78,54.9,4,74.1
95,35.1234,-118.72905,Jun 2018,d7365a2a-a113-4693-92d3-152f52b0d743,6.614813427,125,9.31,0,740,12,92.7,60.8,78.6,59,23,36,49.1,4.3,80.3
95,36.5696373,-121.7556029,Sep 2015,9569dcd6-c94f-4849-a90a-db58bfc77bee,2.132150443,229,3.65,0.74,392,12.1,72.7,48.2,60.1,88,49,73,50.8,3.4,70.5
94,33.740219,-117.333728,Aug 2019,0089d3c4-c554-46e1-8eb9-af95e4dfae0c,9.327632731,240,8,0,604,11.8,93.8,55,74.8,85,18,41,48.7,4.6,73.6
94,35.4393,-120.8358,Sep 2013,ac469123-da14-4821-b824-c6cf66138514,9.953263733,160,4.76,0.02,502,14.8,75.8,48.8,60,97,58,80,53.8,4.6,68.1
91,39.33035,-121.78973,May 2016,5080eb51-53e5-4338-95ec-618efe2bd7d1,4.995849608,244,6.55,0.76,608,14.5,83.5,57.7,69.9,87,37,59,54.2,4.1,70.9
91,34.156389,-118.950833,Oct 2019,fd21c9dc-a89f-4a29-990b-33b95ae2adc9,5.209278125,152,5.02,0.06,434,10,78.4,48.9,64,83,29,53,42.5,4.4,61.6
90,37.962557,-121.468074,Jul 2019,12528e0f-03e0-4598-8df0-e3017fa7382a,5.357685292,248,8.35,0,680,15.5,90.4,57.2,73.3,85,34,56,56.3,5.5,69.2
88,40.07846,-122.2071,Jul 2016,f88a7291-9122-49fa-864d-b807fa360393,4.9300602,222,8.76,0,712,15.9,92.5,61.8,78.1,81,28,48,56.8,4.9,74.9
85,34.20152,-117.14466,Jul 2017,84c8a735-9e8f-4310-84ab-39079ad1ea14,6.309281101,192,7.61,0,665,11.8,82.6,51.7,68.6,81,28,49,48.3,4.5,65.9
82,39.0442,-123.1478,Nov 2013,e9e43213-b2fc-47bc-92cd-117ccd6e4780,5.863575814,106,2.19,1.02,249,7.8,70.4,34.6,50,88,36,63,37,3.2,52.6
81,38.455,-121.969167,Aug 2019,ce97fe6d-a635-45f1-bc18-cdd1698673c2,3.256528325,139,nan,0.01,640,15.5,94.4,60.6,77.5,82,28,49,56.3,3.5,77.1
81,33.38613,-117.46709,Oct 2017,d12bbce8-5acb-43ef-a259-4fbaf90d32ff,9.757677234,241,4.11,0.17,402,14.6,78.6,54.8,65.4,88,50,71,54.2,4.2,68.7
80,33.56938,-116.07896,Jul 2019,6311a921-f8e9-45c1-b10d-fee8be8dae29,5.755257322,218,10.27,0.04,685,15.6,106,72.9,91.4,56,16,31,55.5,6,76.7
80,32.6449163,-116.9454387,Jun 2015,45a0a39f-b4b0-409c-9057-0942c567b7c3,1.228697774,147,5.65,0.15,574,17,77.8,59.8,67.3,91,56,74,58.8,3.9,72.9
80,39.24678,-121.32399,Jun 2019,31cbc968-6d9d-412b-8bc3-6846ca398fe2,0.6990567078,84,8.14,0.02,675,13.9,88.8,61.4,75.8,70,28,46,52.5,4.5,73.6
80,39.24678,-121.32399,Jun 2019,937f9f26-8d23-4ee7-a0f3-61313dcc63f3,0.6990567078,84,8.14,0.02,675,13.9,88.8,61.4,75.8,70,28,46,52.5,4.5,73.6
80,39.551423,-121.800538,Oct 2019,6890469e-78d7-4dac-b162-6c23498fabcc,4.278277282,12,3.85,0.01,387,8.1,78.6,42.8,58.5,87,21,48,37.9,3,60.8
78,36.96607,-121.55552,Jul 2017,e8ebb6f2-16f5-4342-bce1-d36ff9c9422c,3.61061931,211,7.62,0,624,13.9,87.7,53.2,67.7,92,35,64,53.8,5.8,70.4
76,36.8005,-119.35901,Jun 2017,0956bfcb-8915-4163-b4ed-4f3a6ab32895,5.858201707,142,8.96,0,670,11.9,95.2,60.6,80,69,17,34,48.4,5,80.4
76,36.696879,-119.304499,Jun 2018,595f6f52-a55b-40e7-8aa6-b409ff9a7a5b,6.067028231,142,9.22,0,740,9.5,94.3,56.3,77.6,64,14,30,42.9,4.7,72.9
76,40.5939,-122.17173,Sep 2018,b181e69a-5864-44c1-b5b4-f4c5832a4539,9.860436279,224,5.57,0.08,505,9,90.8,49.9,70,73,17,37,41.2,3.3,65.6
75,38.441792,-122.350844,Apr 2013,d8d1c943-7b5d-4885-9043-f41075d6eded,4.198050074,77,5.98,0.78,557,9.8,76.9,44.7,61.1,86,33,55,42.9,4.9,60.9
75,36.103,-121.117,Apr 2014,91c3081d-33b4-46f2-8774-032c57f0f6a2,2.562028434,113,5.88,0.46,554,9.7,76,43.2,57.5,90,32,61,43.6,5.8,62.1
75,40.68192,-122.4096,Sep 2016,47ee7239-2bc9-4794-8582-982a92fdda9f,7.750099658,224,nan,0,499,9.1,91.3,52.5,72.1,70,15,35,41.8,3.4,77.2
74,34.07612,-117.06765,Jul 2017,67c20627-e6cb-4900-9f40-01e8da154a53,8.514217691,251,8,2.46,609,16.5,96.8,66,80.7,75,26,47,57.9,4.4,77.5
73,39.206,-121.31634,Jul 2013,397ed8e6-6088-4e03-9316-8f50c65a83be,3.213041601,84,8.51,0.01,650,14.8,94.2,64.3,80.1,66,25,42,54.6,3.8,77.6
72,33.75526,-117.25075,Jul 2017,244961af-65d5-472b-972f-e02df96e9ccb,3.516990376,240,8.38,0,629,15.3,96.4,64.6,79.7,71,25,44,55.6,4.7,73.5
70,36.2833,-121.3306,Jun 2016,ae6a40fa-c0f3-460b-8e19-fbf4b5803bb8,5.180668942,114,7.31,0,660,13.5,80.1,50.6,63.2,94,43,69,52.4,7.2,66.9
70,33.41639,-117.08829,May 2016,c88af25d-aff4-4b20-9c58-0b819c8ae99a,9.911613203,237,6.02,0.02,570,13.7,76.6,52.5,62.6,95,45,71,52.7,5.5,64.2
70,33.504964,-117.148204,May 2018,57ef80d4-4674-4a3a-9fd6-3f1d792a1953,5.667234657,62,5.08,0.22,420,12.9,73.1,53.3,60.6,95,49,73,51,2.6,64.3
70,36.6543,-119.5327,Sep 2016,2e8eb057-1d9a-41a7-ab9f-9b85ce3374c4,4.393301219,39,5.67,0,507,12.1,90.2,55.2,72.1,82,20,45,49.4,2.9,73.5
69,36.7279,-119.28241,Aug 2017,386b7562-fe70-490b-a92c-a3c21eece0c2,7.371801864,142,8.29,0.04,555,13.1,99.4,66.5,84.2,65,17,33,51.5,4.4,82.7
67,38.645,-120.874167,Aug 2018,d8de1c4a-9b2c-46ad-aab4-3b2012571e4a,5.630578421,228,7.85,0,643,9.3,87,62,74.4,54,21,34,42.5,3.6,73.3
66,38.82128,-121.03918,Aug 2018,6e4ecf7a-2864-4fc6-85cb-9b2a0ac324df,6.346594805,195,7.24,0,563,11.5,92.6,62.3,76.7,60,21,38,47.9,2.8,76.5
65,38.40958,-122.43172,Oct 2016,3135c367-1274-4cc4-9152-661f6fd7707e,1.975499192,77,2.66,5.13,273,12.5,74.3,45.9,58.7,96,50,75,50.2,2.9,61.6
64,34.384,-119.13249,Nov 2013,0adb968c-eb85-41c5-8e08-04c0ec386c79,4.517282197,198,2.93,0.54,286,10.3,76.3,45.9,59.8,85,35,60,44.5,4,58.5
63,33.81976,-117.18552,Jul 2017,ee20b421-06cd-40d2-a22c-0f9e8ddeee71,4.242758325,240,8.38,0,629,15.3,96.4,64.6,79.7,71,25,44,55.6,4.7,73.5
62,33.20988,-116.46989,Aug 2017,1f8d9fe1-e644-4f53-88ae-4418cc0b4451,8.286184428,207,9.4,0,691,13.8,107.3,74.4,92.9,51,14,26,52.3,3.7,81.1
62,37.166674,-122.361112,Oct 2019,ab8109fd-e8eb-4690-9f5c-3a8c9c47ff48,6.15388546,253,3.68,0.06,392,9.2,73.8,40.1,54.9,89,38,71,44.2,2.4,55.2
60,35.58354,-120.624135,Jun 2018,f3d3e61e-4ab4-4155-a882-4e27de976659,7.834976063,163,6.86,0.19,643,11.5,84.2,48.2,65.8,90,31,54,48.1,3.2,69.9
60,34.74245,-120.18236,May 2018,1a08a7d9-47b2-42ba-94c1-a2e15415b887,7.173634895,165,5.37,0.06,580,12.3,69.6,46.9,56.8,96,58,78,50,4.7,64.4
58,37.968494,-121.678172,Aug 2019,e338f506-b9fa-44c0-ae64-324ed0e590d4,3.049145585,47,8.44,0,643,14.6,95.1,59.1,77,88,25,47,54.6,5.5,74.9
58,35.346,-120.62825,Jul 2017,effeee13-51d7-4cf2-a62f-93b47b34605a,3.631008068,52,6.74,0,630,16.1,83.3,56.7,67.2,94,48,73,57.8,3.1,70.3
57,33.5982,-116.1985,Mar 2014,edff6f87-80b8-4c0d-8f6a-45c6e798b7fa,2.792269077,218,6.66,0,505,7.9,83,47.8,67.2,68,17,35,37.7,6.4,62.3
56,37.79718,-121.85311,Jul 2018,7e24911d-5dc9-4449-ba08-f718c094ac9e,9.451755128,191,8.22,0.09,717,13.8,90.6,57,71.8,86,27,52,53,4,73.9
55,33.4115972,-117.2886249,Aug 2015,3cc1aa4c-b87d-4b4d-99b1-83dc56291b33,6.645397394,62,6.8,0.05,566,18.2,94.4,64.6,77.2,90,34,59,60.7,3,73.4
55,34.23,-116.883,Aug 2015,d0875efe-54fb-4cc2-b647-4f4d210df118,1.29820096,199,6.44,0.19,604,7.5,80,42,62.2,81,20,39,36.6,3,62
55,34.03941,-118.58624,Jun 2017,d1ec9e43-04bd-4926-8362-5e04afe39c90,7.552724462,99,5.48,0.09,608,17,72,58.4,64.5,97,67,82,58.8,3.6,68.2
55,33.57039,-116.1466,May 2019,b4616173-5807-4c04-a416-5374139f3fcc,1.91811625,218,9.2,0.02,670,10.4,86.3,59.5,74,58,22,36,45.3,8.1,67.2
55,38.4446,-122.0041,Sep 2017,c9009967-c0c1-47d3-b2eb-47b2d7a5da0e,4.289088988,139,nan,0,437,11.4,86.8,57.4,72,69,24,42,46.9,4.1,73.6
52,34.9522,-120.2903,Aug 2015,f136ba8d-f6bb-4bad-9815-1d56f9dc8650,9.305155215,165,6.07,0,560,16.6,80.9,55.8,66.3,94,52,76,58.3,4.3,nan
51,35.457978,-120.751555,Nov 2013,587c03e3-4831-47c1-8c03-c08176e91b11,7.206183834,163,2.18,0,252,7.9,70.3,34.6,50,92,33,64,37.9,2.1,54.2
51,35.30151,-120.64398,Sep 2018,6832f18a-6515-4436-bf3b-553bf6302de4,1.257808917,52,4.69,0,462,18.3,87.7,56.1,67.4,98,51,78,58.8,3.2,69.2
50,38.622058,-121.114095,Aug 2019,a0d95805-48db-467e-8dd5-db761eb5ae74,7.481504724,131,7.39,0.03,616,14.8,94.6,60.8,77,81,25,47,55,3.5,76.2
50,38.79549,-121.00299,Jul 2016,f273dffb-e1eb-48dc-b0f9-908857e78095,9.377100297,195,8.77,0,678,10.4,95,65,79.6,51,17,31,45.4,3.5,76.9
50,33.87739,-117.16215,Jul 2017,2f97537a-1333-4dfc-b7a3-b7bf9400ffdd,8.51053804,240,8.38,0,629,15.3,96.4,64.6,79.7,71,25,44,55.6,4.7,73.5
50,34.72379,-120.13249,Jul 2017,a26038b9-df04-4ade-b918-0c4fb9a8dbcf,9.851508254,165,6.75,0,648,15.9,80.5,53.6,64.9,97,52,77,57.1,4,nan
50,35.5123,-120.6368,May 2013,5b5ce06d-7ea9-4d28-b564-715fd0d04f3f,2.851780214,163,6.04,0.65,566,10.1,79.8,44.9,61.8,91,29,54,44.4,3.4,65.5
50,34.15,-118.879444,Nov 2015,3f31752f-4f51-4705-9fe4-50beec88a0e8,8.472091485,217,3.75,1.61,316,6.1,72.7,48.3,60.1,63,21,36,29.8,4.9,62.7
50,34.22551,-118.05545,Oct 2017,dcd7fb2e-3a4f-427e-9b13-1d2bcb0e8ac6,7.274166257,159,4.78,0.1,459,11.2,86.8,58.7,70.4,68,28,49,46.8,3.2,72.8
50,37.97911,-122.11092,Oct 2019,b36ed23e-a3de-4aff-bdbc-d6ebf8d8f077,6.736090233,170,3.93,0.01,415,8.3,79.5,45,61.3,78,23,46,38.5,2.6,59.2
50,32.564583,-116.834583,Oct 2019,e471b23c-f00c-44bc-afc1-6ab02b0af4c3,8.453444102,147,4.91,0.01,466,11,80.5,52.5,65.4,80,31,54,45.5,4.5,69.2
50,34.3183,-117.3189,Sep 2016,324a3c48-efcc-4385-ab87-baf0b5e29b5d,8.176164532,192,5.26,0,520,8.4,73.9,42,58.8,83,28,50,39.3,4.5,55.6
48,37.69926,-122.02805,Aug 2018,a2fbfcae-d658-41f4-88c6-98239d08ff29,7.148974223,171,5.43,0.07,545,14.5,75.2,55.1,63.8,88,53,73,54.5,3.7,70.1
48,33.58577,-116.07429,May 2017,2db503da-a7b2-47a6-92a6-697799eb63f1,5.823975309,218,9.05,0,622,12.5,93.3,60.5,78.9,71,22,39,49.6,7,73.5
47,35.06472,-120.5634,Jul 2017,7dd19215-986b-4365-a40d-2267b4a05de0,2.52502068,202,5.1,0.67,558,15,67.8,51.9,58.7,100,73,89,55.5,2.9,66.2
47,33.57872,-117.77395,Jun 2016,c27c5212-1891-4105-86ee-9f97016ef159,8.401396988,75,5.77,0,558,16.4,79.7,59.8,68.3,93,50,71,58.3,3.8,72.9
46,34.149,-117.189,Jul 2017,826b4661-020b-425d-84ec-9426c39839e7,2.560247547,251,8,2.46,609,16.5,96.8,66,80.7,75,26,47,57.9,4.4,77.5
45,33.9885,-117.38417,Dec 2017,e32c7957-8f4f-4ec1-a0f6-98085a2a7e89,3.639300631,44,3.09,0,234,4.9,73.4,45.8,58.4,51,16,30,24.5,4,52.5
45,38.980846,-123.067671,Jul 2013,f1d7f375-8aa3-4cb5-a864-bae9bb90cbd1,1.495819275,106,8.58,0,753,14.1,91.1,52.1,71.3,86,31,54,53.6,4.2,75
45,34.27619,-118.63264,Jul 2016,174608a2-14fd-4278-9811-cb7e5e5a3883,4.358631719,219,7.82,0,665,14.5,94.4,62.2,76.7,82,24,49,54.6,2.6,81.8
45,37.86339,-122.12351,Jul 2018,f7bacdf4-ba33-436a-ad94-549395286fc2,2.139306111,178,7.28,0.3,668,14.1,82,55.3,66.1,93,38,65,53.7,5.4,71.2
45,33.69078,-114.57265,May 2019,e354cde8-d0e6-4150-9f6b-1c12045e77d0,2.171511804,135,nan,0,670,10.6,88.1,56,72.7,71,21,39,46,6.2,85.1
45,38.5212,-120.8416,Sep 2016,0bf08653-1441-4e73-b24b-1296afb12b45,3.023030162,227,5.37,13.7,478,8.9,82,51.9,66.8,68,21,41,41.1,3.3,68.7
42,41.38247,-120.53443,Jun 2017,7967c729-4693-47a1-b1bc-1d82825ca8db,5.360890574,90,6.79,0.88,640,10,77.7,42.8,61.2,90,31,54,44.2,4.4,65.7
42,40.10282,-122.27379,Jun 2017,982c81ca-ebe5-4591-986d-1f3e2e4cc13c,9.614465884,222,8.67,0.26,677,15.1,91.4,61.9,77,81,29,49,55.1,6,72.8
42,34.055768,-118.554091,Oct 2019,24eb323e-b97f-4087-886b-7efae8937bae,5.385208981,99,4.57,0,448,10.9,78.2,57.4,67.1,77,30,55,47.4,3.4,64.8
41,34.10446,-118.70294,Jun 2017,6f2f8dc0-b930-435e-a622-d3585dcac067,8.569888352,219,6.77,0.37,660,14.5,89.6,58.8,73,84,33,54,54.5,1.5,73.5
40,33.570291,-116.10815,Aug 2013,f23f8148-6ec4-4885-9729-0dad7c744485,3.867272423,218,8.6,0,565,17.6,101.7,71.9,88.2,67,24,40,58.4,5.6,79.6
40,33.96514,-117.4764,Dec 2017,c425ed8d-1aab-44c8-bc03-39675ad2b0d2,9.619989701,44,3.09,0,234,4.9,73.4,45.8,58.4,51,16,30,24.5,4,52.5
40,33.9634,-117.2508,Jul 2013,8fb3a438-3146-4b8d-8f20-bfa8d6610f84,5.947371802,44,7.13,0.35,594,15.3,89.5,64.1,75.4,74,31,51,55.6,4,74.6
40,38.01264,-122.1885,Jul 2016,416155ea-f8ff-43cf-abf0-e888584bf5bc,9.665471628,213,4.98,0.19,556,13.3,65.2,51.8,57.1,95,69,84,52.2,6.6,65.9
40,36.66684,-121.74826,Jul 2017,13dedbc3-8b85-4f64-b3db-89ed81ed4f1d,5.197572676,116,nan,0.02,562,15.7,66,53.2,58.4,100,79,94,56.6,5.1,69.8
40,33.56921,-116.154398,Jul 2018,e18c9556-706f-4bb7-b908-e7b44293923d,1.845258164,218,9.7,0.06,627,20.4,106.2,78.9,94.1,63,23,37,63.4,5.8,80.7
40,34.001745,-117.302057,Jun 2013,2d1f0c40-92e7-4540-991b-d353ed68ec6c,3.500739829,44,7.36,0,684,14.1,86.3,59.8,71.3,78,32,55,53.7,4.4,72.1
40,37.779209,-121.908976,Jun 2018,2bee561f-fd8f-44ad-9c25-ccdc671029bc,8.121410949,191,7.77,0.34,755,12,83.5,51.7,67.1,88,32,54,49.4,4.3,70.4
40,33.655638,-116.161201,May 2013,e215290f-d0b4-48fd-be32-f599959347b1,4.141631193,218,9.76,0,663,10.3,94,61.9,79.5,57,15,30,44.5,7.4,70.1
40,33.7655,-117.6649,Oct 2013,9a110003-2f4c-4ac7-a3e5-b4e713f8d1fe,6.58367791,75,3.92,1.5,371,11.6,76.5,51.9,63.1,87,41,62,47.2,3.7,65.4
40,40.70627,-122.24199,Oct 2017,6ab80358-cb3c-4e2a-85da-0cd77003fc12,7.051000919,224,nan,0.43,369,7,80.8,43.8,62.1,66,20,39,33.8,4,59.7
40,37.828267,-122.103867,Oct 2019,19578ef2-6101-45b0-a82e-db3004c3a8a5,2.624708248,178,3.79,0,388,8.1,75.2,41.3,56.9,87,26,52,38,2.3,59.3
40,38.558,-121.1309,Sep 2016,2d2aa30d-5c3f-4f46-97eb-54b63bec7f3a,8.781208545,131,5.28,0,483,12.2,88.1,56.1,71.1,76,26,47,49.6,3.2,70.6
39,36.796,-121.40604,Jul 2018,708b3dde-3f1a-4813-8501-8a52bf3b1d9c,4.651471233,143,7.7,0.06,680,14.7,83.9,53.2,66,95,41,69,55.1,5.2,75.1
38,37.74241,-121.86216,Jul 2013,4c04a4e5-f580-4e62-bb53-2575c72d29dc,5.637780269,191,7.62,0,642,13.2,89,55.9,70.4,85,27,53,52,4,76.9
38,39.1871,-121.2687,Jul 2014,61506ea2-3f16-4aa6-ba54-d7788c3a2b35,5.559243726,84,7.95,0.01,614,14.8,94.7,64.2,80.7,66,26,42,54.7,3.7,74.3
38,38.5287,-122.3415,Jun 2015,e3272697-2587-45ac-b525-76b85fabaa90,8.384597319,77,7.06,0.09,647,14.6,84.9,52.2,68.3,88,37,62,54.7,4,69.5
38,32.78031,-117.06782,Jun 2018,8efb9edc-dbe7-4824-9027-22993569f794,6.050338575,184,5.63,0.32,615,16.6,72,60.2,64.9,91,66,79,58.2,3.8,72.6
38,40.60866,-122.38366,Oct 2018,83c539f5-64c1-4156-86e5-ac6cf4c947d5,5.291535817,224,3.77,0.63,352,9,80.5,47.9,63.4,78,24,46,40,3.7,60.2
37,40.774,-122.309,Oct 2017,2ca11d45-8139-4c16-8af0-880d99b21e82,9.93623958,224,nan,0.43,369,7,80.8,43.8,62.1,66,20,39,33.8,4,59.7
36,33.640051,-117.085354,Aug 2018,e69be637-e9e9-4964-96ed-4d6a1a1c159d,1.698711828,179,8.55,0.04,642,15.7,96.2,63.1,77.6,84,25,49,56.2,5.8,79.5
36,38.981389,-122.97222,Sep 2018,9b9b6d81-9590-48a0-a750-fc7da05bfecc,8.077558747,106,5.5,nan,510,nan,87.5,44.2,64.1,89,28,nan,nan,nan,64.2
35,37.034183,-121.45597,Aug 2019,19343958-2921-41d2-a3f8-501badcd0bee,5.747884528,211,6.79,0,621,16.5,86.9,55.1,68.5,97,43,70,57.7,5.1,72.7
35,38.652475,-120.826165,Aug 2019,2760040b-e17b-430f-b581-a81694b450ac,2.548691997,228,7.8,0,645,12.8,89.4,64.3,76.7,63,27,41,50.9,3.6,74.9
35,38.45822,-120.92162,Jun 2017,4f0ff7c1-7c96-4f68-87e8-be4466945c2b,9.094116961,227,6.81,0.22,590,13,83.8,54.7,69.5,83,29,53,50.9,3.1,72
35,36.83036,-121.36446,Jun 2018,39ace715-e375-4083-a05c-7fb7448e17b9,1.692754134,126,7.29,0.14,730,12,80.5,49.8,63.9,87,38,60,49.3,3.9,70.3
35,33.96419,-117.20507,May 2017,54ddf2ef-28b0-4c34-bfe0-1d084f4f57e2,9.101937902,44,5.95,0.06,534,12.9,78.5,54.4,65.6,86,40,62,50.8,4.6,68.6
35,33.74925,-117.10301,Sep 2017,58533f37-ed81-4ac4-89e9-b4088684d9e7,5.96594387,179,5.66,0.01,512,14.2,85.3,56.5,70.7,84,35,57,52.8,5.3,68.5
34,36.85596,-121.30983,Jul 2017,9668cfe5-b636-4147-bce1-da8e8b3fb5c2,3.652307938,126,7.62,0,681,13.1,86.5,53.2,67.9,86,33,60,51.9,3.5,72.8
34,33.73547,-117.33364,Sep 2017,99a7ed51-e64a-4aa9-b8ba-6a9ae4752db0,9.375211195,240,5.69,0,470,13.7,87.9,58.7,72.7,75,30,51,52.2,4.8,71.1
34,33.854597,-117.270144,Sep 2019,b277af3b-3785-44c1-bdfb-c5a5ba766d2b,8.125837123,240,5.66,0,467,12,85.9,55.9,70.7,76,27,48,48.7,4.8,71.1
33,39.171091,-121.423281,Aug 2019,f044a406-06ab-457d-8a93-c52bb1930604,9.313080125,84,5.9,0,583,14.8,92.9,64.1,78.8,67,27,44,54.9,3.9,76.2
33,33.763304,-117.314994,Jul 2017,bc89aab5-5f30-46a2-9881-6dbae22893b6,7.93786042,240,8.38,0,629,15.3,96.4,64.6,79.7,71,25,44,55.6,4.7,73.5
33,33.584036,-116.972036,Jun 2017,67ba6e61-b5ca-48f4-8e56-9cedeaeb65ea,5.368672617,237,7.83,0.04,641,14.7,89.1,56.4,73.1,86,33,60,54.2,4.6,68.6
33,34.17711,-117.15381,Jun 2018,d4618db6-e417-4590-8c1f-9b5ace341bb3,4.999913842,251,7.27,0,645,14.8,84.7,54.7,73.6,82,26,52,50.4,4.5,71.9
32,33.97902,-117.20534,Aug 2018,2bdeaf01-fe98-4f63-b2e8-4857815bc87c,9.134953671,44,7.35,0,601,17.6,92.8,66.3,78.2,81,32,54,59.8,3.9,77.8
32,33.62613,-117.07975,Jul 2017,bfa2d3e8-2ede-423f-b7db-f8e6f44a3c82,2.733345036,179,8.52,0.11,672,16.1,96.4,62.4,77.8,83,25,50,57.1,4.5,81.5
32,41.6314,-122.7933,Sep 2016,ed16bf52-f886-4384-b841-2e755234aa29,4.822403785,225,4.82,0.02,464,8.2,81.4,37.5,59.1,91,22,49,39.1,3.4,61.4
31,36.099681,-120.443545,Aug 2017,83d87ff0-be6c-46fa-ab96-b9845d5d4edc,7.786261802,205,8.68,0,542,11.2,98.2,69.2,84.6,42,18,28,47.2,5.3,78.7
31,40.62693,-122.23449,Jul 2018,9636bdf4-8754-4745-80c8-90a5fcd90ec2,5.214494394,224,8.22,0,650,14.7,100.5,63.1,82.4,77,18,39,54.3,3.3,76.8
31,36.5858,-121.80377,Oct 2017,c58da6fd-a2e2-4706-9a2e-ee03884c714d,1.609930767,229,3.43,0.75,347,10.4,75.1,43.9,57.5,91,38,66,45,3.1,64.7
30,34.288877,-116.941311,Apr 2013,58f89ff8-bd3e-4355-b1c0-8fa05c747d3f,6.310176177,199,5.47,0.03,642,3.6,59.6,28,44.2,68,18,37,18.8,4.2,48.5
30,37.99618,-122.14097,Aug 2018,f012f0ea-4102-47dc-9c6d-609ebac85142,8.432242945,170,6.63,0,594,14.4,85.4,57.3,69.2,86,34,60,54.2,4.5,67.4
30,40.55924,-122.25409,Aug 2019,0f3326bd-4a0f-4351-b978-38eb29f4d490,6.222601067,224,7.19,0.59,609,14.4,95.5,60.5,78.2,82,23,44,54.3,3.1,76
30,38.608336,-120.703238,Jul 2014,da607cd1-32fc-44c0-bd7a-ba14ad0a14cc,6.486604078,228,8.43,0,659,11,89.9,65.7,77.8,54,22,35,46.4,3.9,77.4
30,33.96896,-117.25411,Jul 2017,b51d7a8d-f768-453e-abb4-665b74998b21,5.724747174,44,7.11,0.03,569,18.7,93.8,65.7,78.5,87,33,57,61.4,4,78.6
30,33.85852,-117.43521,Jul 2018,45845135-0abc-4964-9038-db1e26fa9b22,9.993042765,44,8.04,0.04,651,17.7,95.8,67.7,80.8,78,31,50,59.8,4.1,78.8
30,36.80296,-121.40304,Jun 2016,a757d4f9-2aa1-44c8-b986-ac00ca2fafdd,4.532040722,126,7.54,0.08,703,12,85.6,51.6,67.2,84,31,56,49.6,3.8,73
30,38.595865,-121.17693,Jun 2018,c8060137-4a83-479b-9f36-429a698aac06,4.723182505,131,7.96,0.42,724,12.4,90.8,56.3,72.8,76,23,45,50,3.8,79.9
28,41.4844,-120.36659,Aug 2017,5e01dba8-3d59-41a6-ba60-d78d874eba42,8.469137971,90,6.62,0.19,523,10.3,89,47,68,86,19,44,45.1,3.9,69.5
28,33.00056,-116.9571,Jul 2016,0b655a9d-94b3-4095-acfd-d40ac8347318,5.700168513,153,6.84,0,601,18.4,87.1,58.4,71.9,94,46,70,61.1,3.5,76.8
28,32.557566,-116.8663,Jul 2018,1dad019f-12c1-47a0-a20c-2408d942f1c4,7.008298636,147,6.61,0.17,644,17,81.2,60.9,69.4,91,49,69,58.5,3,77.1
28,38.4229,-122.0437,Jun 2013,5ce45b6c-81b5-422c-9078-8c68dd872c8a,7.032283215,139,nan,0.07,643,12.7,88,58.8,74.7,73,29,44,50.2,4.3,72.3
28,38.4229,-122.0437,Jun 2013,5ce45b6c-81b5-422c-9078-8c68dd872c8a,7.032283215,139,nan,0.07,643,12.7,88,58.8,74.7,73,29,44,50.2,4.3,72.3
28,38.4229,-122.0437,Jun 2013,5ce45b6c-81b5-422c-9078-8c68dd872c8a,7.032283215,139,nan,0.07,643,12.7,88,58.8,74.7,73,29,44,50.2,4.3,72.3
28,38.4229,-122.0437,Jun 2013,5ce45b6c-81b5-422c-9078-8c68dd872c8a,7.032283215,139,nan,0.07,643,12.7,88,58.8,74.7,73,29,44,50.2,4.3,72.3
28,33.79925,-117.11659,Jun 2017,57b7776f-bae7-4b14-b94c-65806e002a88,6.360658853,240,8.21,0,659,13.4,92.8,57.9,75.3,75,25,47,51.9,5.1,69.9
28,32.62305556,-116.9141667,Jun 2019,c51a2db5-6d0b-4b4a-8692-a6d73714829f,1.768912232,147,5.36,0.02,582,13.2,73.3,58.7,64.6,81,48,77,56.8,4,72.7
26,38.9361,-121.1548,Jul 2015,ee7ec0f0-4f5d-4fe1-b2fa-bc15f91519b3,4.90071552,195,7.94,0.06,612,12.7,93.8,65.3,78.9,62,22,39,50.5,3.3,80.1
26,33.71025,-117.31924,Jun 2017,bfa879b5-b526-4114-9137-51d3ea3ad336,8.914960242,240,8.21,0,659,13.4,92.8,57.9,75.3,75,25,47,51.9,5.1,69.9
26,33.81678,-117.18194,May 2019,9d7c5ad0-6682-430a-b4d1-d39cfea73a29,4.111225906,240,4.98,1.02,487,15.1,78.6,53.3,64.1,97,48,73,54.8,4.8,64.2
25,32.557546,-116.873955,Aug 2019,808c34bb-4e64-4eb5-9c3e-2a1e58195074,6.639963561,147,6.65,0.01,640,18.7,81.8,61.4,69.8,96,54,76,61.6,3.7,77.7
25,32.557546,-116.873955,Aug 2019,808c34bb-4e64-4eb5-9c3e-2a1e58195074,6.639963561,147,6.65,0.01,640,18.7,81.8,61.4,69.8,96,54,76,61.6,3.7,77.7
25,36.8727,-121.5681,Jul 2015,296fc88f-e646-4c89-9b46-3ac0f88ff910,7.723679769,143,6.84,0.9,577,15.9,79.7,55.1,65.7,97,48,74,57,6.2,72.9
25,38.64107,-120.6955,Jun 2016,f2b5faf1-9ff0-48b7-8151-25880262bec1,6.7396416,228,8.14,0.24,724,9.5,86.1,60.1,73,56,21,36,43,3.8,73.3
25,34.29931,-118.37539,Jun 2017,14e249f0-f21c-4d2f-bc5f-68d5d177e849,3.024031333,216,7.21,0,683,14.7,85.3,57.1,70.9,84,39,59,55,3.7,79.5
25,38.015323,-121.998967,Jun 2018,0ffbb118-8070-4220-95a7-cdef27b0a7ae,1.470600887,170,7.66,0.04,730,13.3,83.9,54.8,68.1,86,34,57,52,4.8,66.3
25,33.80406,-116.93188,Sep 2018,d5885e9d-1310-4f84-a658-d972d17ecad9,9.745442373,239,7.03,0,560,12.4,93.3,58.9,74.4,71,21,44,49,4.9,83.1
24,37.99837,-122.16201,Jul 2019,bc3e7037-5022-4e6a-8a1f-925c7e9aafc8,9.849483761,170,7.74,0,664,15,82.1,59.9,70.8,86,35,60,55.9,4.4,70.8
23,38.02503,-121.9763,Jun 2019,2e71d51a-49f1-4e86-82e2-054637efd1a5,3.10692938,170,7.59,0.01,731,14,85.4,55.8,69.6,87,35,59,53.2,4.3,68
23,33.50488,-117.02132,Oct 2017,61e9a1f4-a263-47a0-93ee-64b52ebd92a9,3.638396383,237,5.14,0.01,405,8.5,86,51.1,67.8,68,21,42,38.5,4.5,65.6
22,37.093243,-121.586846,Jul 2019,3fc9ae75-8844-43a5-8330-6956cdb6e3a7,6.398252367,211,7.4,0,658,15.9,84.5,54.3,66.5,100,42,73,56.9,6.2,71.1
22,32.557566,-116.8663,May 2019,a81e03a3-de18-48e4-93bf-f8da83a17927,7.008298636,147,4.59,1.13,497,13.3,68.5,53.9,60,92,57,75,52,4.3,68
22,37.77982,-122.169,Sep 2017,c4f61042-d1ef-4d00-956d-785368ee34ca,4.438997993,178,4.41,1.74,406,13.7,80.9,52.8,66,91,39,63,51.8,3.8,69.1
21,33.986204,-117.43942,Jul 2015,48284911-67cd-4394-8aad-053d3b2cf5db,7.219004845,44,6.75,1.19,583,16.1,87.4,64.1,74.3,79,35,56,57.3,4.3,74.3
21,34.4828,-119.63216,Oct 2015,fbd3c0a8-7191-473c-bb05-43616711b6c5,7.910992906,107,3.65,1.23,344,15.7,82.7,58.8,69.7,90,40,64,56,2.6,72.8
20,32.59154,-116.89516,Aug 2014,64812487-ac4c-40da-b069-2884d7a04675,3.95840956,147,6.32,0.07,572,19.1,83.2,63.6,72.1,92,51,71,62.1,3.8,76.4
20,34.139,-117.199,Jul 2017,a441e39a-1be1-4be5-8c07-b32bc6f07df0,2.074163142,251,8,2.46,609,16.5,96.8,66,80.7,75,26,47,57.9,4.4,77.5
20,37.07793,-121.600023,Jul 2018,655b2bde-09c6-43b8-9cdb-43096bcf1155,6.142074253,211,7.81,0,628,15.2,88.2,55.8,69.5,94,36,65,56.4,5.9,69.6
20,33.69055556,-116.953889,Jul 2019,6564081d-5ce7-4330-8ad7-2d1d976d778a,1.782818461,239,9.02,0,692,14.3,98.6,61.4,79,73,21,43,53.9,4.6,85.5
20,37.86549,-122.2102,Jun 2017,304c7c4c-140e-40f4-ac9f-36926c07e5fc,5.164299907,178,6.51,4.63,636,13.8,78,53.3,64.7,91,45,67,52.7,5.3,70.1
20,37.627119,-121.806775,Jun 2018,1f49d4b1-f08f-4fce-8b55-48ff0e521a2f,5.968307565,191,7.77,0.34,755,12,83.5,51.7,67.1,88,32,54,49.4,4.3,70.4
20,34.110516,-118.427886,Jun 2018,7307857b-b127-4b3a-bf11-ee19d07e0736,4.800242463,223,6.54,0.02,634,15,81.2,58.8,68.4,86,44,64,55.5,2.9,70.7
20,33.80493,-117.15738,Jun 2019,c6e38284-336a-4435-a3a1-b2b91ee84a91,4.273083317,240,6.99,0,615,15.6,91.8,58.1,71.7,90,35,60,56.1,4.7,71.5
20,37.61158,-121.94182,Nov 2018,03f49769-b928-44a5-be82-236d3d341eba,5.331209626,191,2.1,1.75,245,8.8,69.5,39.9,52.9,91,36,63,39.5,2.3,54.7
19,33.797216,-117.124538,Aug 2017,bae69034-3bf6-48c3-a642-d0242cf090f9,5.805661845,240,7.53,0.25,561,16.8,94.9,65.8,79.4,79,26,50,58.2,4.8,73.9
19,33.703546,-117.033598,Sep 2019,1e85b2a3-0d55-4c3a-9fbb-5208d615cccd,4.971648169,179,5.93,0.1,526,14.9,85.9,56.6,70.5,86,35,59,54.7,5.3,65.2
18,33.88744,-117.16232,Apr 2018,fb8c9354-384c-45ab-b209-4a0f6d234516,9.16966543,240,6.06,0.03,551,10.4,80,50.3,65.2,79,28,50,44.5,5.1,61.4
18,38.26294,-122.71998,Aug 2017,d83bfb8a-f1e6-4213-b514-89fc16d2eb72,7.146933448,144,4.97,1.25,522,12.9,74,46.8,57.2,99,53,81,51.2,4.1,73.4
18,40.5953,-122.4397,Jul 2015,64fa2a72-b964-421d-b88f-5ac2e37647d4,9.264051111,224,8.66,0.11,626,12,99,64.3,82.5,65,17,34,49.7,4,nan
18,33.40178,-117.27467,May 2018,f96cf1fb-78d6-4763-a754-23aac25a3b96,6.674078957,62,5.08,0.22,420,12.9,73.1,53.3,60.6,95,49,73,51,2.6,64.3
17,33.742,-117.28189,Jun 2018,368fb83d-2660-4d9f-b6ad-0a2ef5de1e52,5.785300093,240,8.14,0,696,15.3,93.5,58.7,75.7,83,26,51,55.8,4.9,68.6
17,37.0125,-122.046,Nov 2018,7d1f523d-6940-4b64-bc5a-7ecb5a63538a,3.552837227,104,2.2,5,236,9.6,70.1,46.7,56.8,79,42,61,41,3,59.5
17,36.732866,-121.39478,Sep 2019,d8c705d2-2820-43d2-bee4-8335354bcab0,7.999611386,143,5.59,0.01,509,13.5,83.4,50.8,65.8,92,37,63,52.2,4.5,70
16,38.703889,-120.890556,Aug 2019,22c3cb30-55b1-4fcd-9606-6a0dcedce4ef,8.193667147,228,7.8,0,645,12.8,89.4,64.3,76.7,63,27,41,50.9,3.6,74.9
15,33.56777,-116.08003,Apr 2017,b12ae71e-c6c8-4eab-9aab-d17d1879a639,5.721692095,218,8.04,0,596,10.3,89.5,56.1,74.5,73,16,35,44.5,6.9,69.2
15,33.711263,-116.164058,Apr 2018,8b34406c-93b7-4a40-a832-2fc525876e59,6.649075471,200,8.4,0.03,609,8,90.7,61.9,76.7,51,13,26,38,6.4,68.5
15,41.45589,-120.56933,Jul 2017,f568b94d-f388-4231-8aac-ac2572ca872d,6.262296987,90,8.07,0.63,670,9.9,89.8,44.2,68.4,87,18,42,43.9,3.9,66.8
15,33.467999,-117.003829,May 2018,08a9481d-8742-4256-a419-2a59196e0a8d,6.454736451,237,6.13,0.04,536,11.1,80.7,54.1,63.8,77,38,58,47.3,5.3,64.9
15,38.045866,-122.245186,Oct 2019,0baff961-3ce3-45ec-80f1-a72957f2f3f4,8.830957853,213,4.13,0.03,385,8.6,72.5,49.6,60.3,76,32,53,40.1,3.9,64.5
15,41.512917,-122.740333,Sep 2019,efba4d61-2027-4b05-8506-04d9858154ca,8.096915416,225,4.48,0.44,449,9.9,77.9,40,58.1,97,30,61,44.2,3.7,63.8
14,34.605358,-120.414875,Dec 2017,2fa6f5ce-1c5b-4147-9f1f-9beb01c499af,8.196517151,231,nan,0,241,7.5,69,33.7,48.4,84,33,64,36.4,1,49.3
14,33.97155,-117.44148,May 2017,9348a031-c7b3-4165-890a-37a7eb7405db,7.224901555,44,5.95,0.06,534,12.9,78.5,54.4,65.6,86,40,62,50.8,4.6,68.6
13,38.69775,-120.73757,Jul 2017,855e28e2-753b-4c36-bf39-27ace518776d,3.831438904,13,9.64,0,710,9.5,93,67.4,80.1,45,16,27,43.1,5.4,66.7
13,34.304722,-117.3125,Jul 2017,ed40ce35-7338-4f8b-a5ab-e94af6fa7e55,7.329377994,192,7.61,0,665,11.8,82.6,51.7,68.6,81,28,49,48.3,4.5,65.9
13,38.757636,-120.75664,Jul 2019,6ac64fee-1420-420c-bff1-1d4908b059be,1.619798477,13,9.02,0.01,695,15.2,92.4,70.2,80.9,63,26,42,55.5,5.2,65.3
13,40.678889,-122.400556,Sep 2018,20b57ee7-b0b7-47db-8a12-e5fcdb114459,7.100808558,224,5.57,0.08,505,9,90.8,49.9,70,73,17,37,41.2,3.3,65.6
12,37.97638,-122.5275,Jun 2018,5adaf6fa-0c4a-43e4-bd32-baa089a7f0b2,4.334407299,157,6.83,0,733,13,73.8,49.6,61.3,92,52,70,51.4,4.6,69.7
12,33.40769,-117.22974,Jun 2018,a43a2839-d85f-4152-ac07-4a29c31723cf,5.44918408,62,6.53,0.02,534,14.9,80.9,55.6,65.6,98,38,70,55.2,2.8,69.2
12,39.32889,-121.23431,Jun 2019,42e2b6f0-2d63-4fbf-bbb4-4fc2eda4805d,7.697619045,84,8.14,0.02,675,13.9,88.8,61.4,75.8,70,28,46,52.5,4.5,73.6
12,38.16303,-122.23059,May 2018,03b0e3c2-7b65-4a7b-b061-d297ebd267f4,9.424777825,109,4.72,0,503,13.3,72.4,46.7,58.4,99,57,80,52,3.1,61.9
12,37.606,-121.853,Oct 2019,a87ab8be-3da9-4cb0-a72c-5125acc001ef,4.56982466,191,4.19,0.05,404,8.3,78.3,43.3,59.5,87,22,49,39.6,3,60.9
12,38.7448,-120.65672,Sep 2018,9ea41d38-ee7c-4394-9ea8-cbf33e788f13,5.335812114,13,6.74,0,524,8.1,85.5,60.1,71.7,48,20,32,38.8,5.5,65.8
11,33.47413,-117.31468,Jun 2018,a0b7fa30-74d0-419f-927b-de29b0d00018,6.024549004,62,6.53,0.02,534,14.9,80.9,55.6,65.6,98,38,70,55.2,2.8,69.2
11,34.033117,-117.21545,Oct 2019,6ad5dc4a-bd52-4cb4-9664-2ab606289d21,5.819861896,251,4.87,0.01,413,7.4,84.4,51.4,67.1,63,13,33,35.1,3.6,65
10,36.44141,-121.34695,Apr 2017,b8bdbd12-e3a2-49e0-8d65-7c18b8d584bf,1.071623466,252,5.79,0.53,515,10.5,73.3,45.8,58.2,91,37,64,45.6,8.5,61.3
10,38.27229,-122.26389,Aug 2018,1bdf7030-adc6-442f-ab31-d182e53b4a73,7.263118518,109,4.12,0,426,15.5,78.9,48.9,62.5,99,55,81,56.3,2.6,69.2
10,33.627006,-117.171731,Aug 2018,23f8d2d9-0e9e-4f07-b830-8c02cf74b5d0,5.958799796,179,8.55,0.04,642,15.7,96.2,63.1,77.6,84,25,49,56.2,5.8,79.5
10,33.77896,-117.24091,Jul 2017,e6626b0a-428c-442f-9ec5-591effef172d,3.111211224,240,8.38,0,629,15.3,96.4,64.6,79.7,71,25,44,55.6,4.7,73.5
10,39.6139,-121.954098,Jun 2018,465ed1e1-89be-4556-b616-834b65746005,8.954453126,12,7.64,0,727,15.6,89.3,57.1,73,91,32,57,56.2,3,76.4
10,32.75072,-116.92404,Jun 2018,60041942-db7c-4c3d-8a94-151addbd9d20,8.518481831,147,6.19,0.11,685,13.1,70.9,53.5,60.6,91,54,73,51.9,3.3,73
10,38.245151,-122.44408,Jun 2018,6eed6c93-14f3-450a-80c8-65c5450a8cbd,6.398869047,109,5.81,0,588,14.4,78.8,46,62.1,99,51,76,54.2,3.2,66.2
10,33.45014,-117.22215,Jun 2018,c88bdcbd-2592-44d2-b44d-1c5a37593ffb,2.554337224,62,6.53,0.02,534,14.9,80.9,55.6,65.6,98,38,70,55.2,2.8,69.2
10,39.23205,-121.376,May 2017,67d31514-620f-49d1-b4bd-a3a92efd48ca,4.39677292,84,6.84,0.25,619,13.5,80.5,54.3,67.9,80,39,58,52,4.5,69.5
10,33.53924,-116.10231,May 2018,79dee087-3393-473f-aaa9-5d253cc5e1fa,3.840215265,136,8.35,0.67,672,11.3,91.3,60.6,76.2,64,20,38,47.5,4.5,75.8
10,32.762706,-117.097441,Oct 2019,2a516d14-36ce-43b0-b34c-7483759a9c84,3.685524138,184,4.44,0.01,420,12.9,78.6,56.8,66.7,86,38,59,49.7,3.3,70.3